-- MySQL Script generated by MySQL Workbench
-- Sat 27 Mar 2021 03:48:24 PM -03
-- Model: New Model    Version: 1.0
-- MySQL Workbench Forward Engineering

SET @OLD_UNIQUE_CHECKS=@@UNIQUE_CHECKS, UNIQUE_CHECKS=0;
SET @OLD_FOREIGN_KEY_CHECKS=@@FOREIGN_KEY_CHECKS, FOREIGN_KEY_CHECKS=0;
SET @OLD_SQL_MODE=@@SQL_MODE, SQL_MODE='ONLY_FULL_GROUP_BY,STRICT_TRANS_TABLES,NO_ZERO_IN_DATE,NO_ZERO_DATE,ERROR_FOR_DIVISION_BY_ZERO,NO_ENGINE_SUBSTITUTION';

-- -----------------------------------------------------
-- Schema mydb
-- -----------------------------------------------------

-- -----------------------------------------------------
-- Schema mydb
-- -----------------------------------------------------
CREATE SCHEMA IF NOT EXISTS `mydb` DEFAULT CHARACTER SET utf8 ;
USE `mydb` ;

-- -----------------------------------------------------
-- Table `mydb`.`UnidadeFederaçao`
-- -----------------------------------------------------
CREATE TABLE IF NOT EXISTS `mydb`.`UnidadeFederaçao` (
  `siglaUF` VARCHAR(5) NOT NULL,
  `nomeUF` VARCHAR(45) NOT NULL,
  PRIMARY KEY (`siglaUF`),
  UNIQUE INDEX `idUnidadeFederaçao_UNIQUE` (`siglaUF` ASC) VISIBLE)
ENGINE = InnoDB;


-- -----------------------------------------------------
-- Table `mydb`.`Cidade`
-- -----------------------------------------------------
CREATE TABLE IF NOT EXISTS `mydb`.`Cidade` (
  `idCidade` INT NOT NULL AUTO_INCREMENT,
  `nomeCidade` VARCHAR(45) NOT NULL,
  `UnidadeFederaçao_siglaUF` VARCHAR(5) NOT NULL,
  PRIMARY KEY (`idCidade`),
  UNIQUE INDEX `idCidade_UNIQUE` (`idCidade` ASC) VISIBLE,
  INDEX `fk_Cidade_UnidadeFederaçao1_idx` (`UnidadeFederaçao_siglaUF` ASC) VISIBLE,
  CONSTRAINT `fk_Cidade_UnidadeFederaçao1`
    FOREIGN KEY (`UnidadeFederaçao_siglaUF`)
    REFERENCES `mydb`.`UnidadeFederaçao` (`siglaUF`)
    ON DELETE NO ACTION
    ON UPDATE NO ACTION)
ENGINE = InnoDB;


-- -----------------------------------------------------
-- Table `mydb`.`Bairro`
-- -----------------------------------------------------
CREATE TABLE IF NOT EXISTS `mydb`.`Bairro` (
  `idBairro` INT NOT NULL AUTO_INCREMENT,
  `nomeBairro` VARCHAR(45) NOT NULL,
  PRIMARY KEY (`idBairro`),
  UNIQUE INDEX `idBairro_UNIQUE` (`idBairro` ASC) VISIBLE)
ENGINE = InnoDB;


-- -----------------------------------------------------
-- Table `mydb`.`TipoLogradouro`
-- -----------------------------------------------------
CREATE TABLE IF NOT EXISTS `mydb`.`TipoLogradouro` (
  `siglaTipoLogradouro` INT NOT NULL,
  `nomeLogradouro` VARCHAR(45) NOT NULL,
  PRIMARY KEY (`siglaTipoLogradouro`),
  UNIQUE INDEX `siglaTipoLogradouro_UNIQUE` (`siglaTipoLogradouro` ASC) VISIBLE)
ENGINE = InnoDB;


-- -----------------------------------------------------
-- Table `mydb`.`Logradouro`
-- -----------------------------------------------------
CREATE TABLE IF NOT EXISTS `mydb`.`Logradouro` (
  `idLogradouro` INT NOT NULL AUTO_INCREMENT,
  `nomeLogradouro` VARCHAR(45) NOT NULL,
  `TipoLogradouro_siglaTipoLogradouro` INT NOT NULL,
  PRIMARY KEY (`idLogradouro`),
  UNIQUE INDEX `idLogradouro_UNIQUE` (`idLogradouro` ASC) VISIBLE,
  INDEX `fk_Logradouro_TipoLogradouro1_idx` (`TipoLogradouro_siglaTipoLogradouro` ASC) VISIBLE,
  CONSTRAINT `fk_Logradouro_TipoLogradouro1`
    FOREIGN KEY (`TipoLogradouro_siglaTipoLogradouro`)
    REFERENCES `mydb`.`TipoLogradouro` (`siglaTipoLogradouro`)
    ON DELETE NO ACTION
    ON UPDATE NO ACTION)
ENGINE = InnoDB;


-- -----------------------------------------------------
-- Table `mydb`.`Endereço`
-- -----------------------------------------------------
CREATE TABLE IF NOT EXISTS `mydb`.`Endereço` (
  `idEndereço` INT NOT NULL AUTO_INCREMENT,
  `CEP` VARCHAR(45) NOT NULL,
  `Cidade_idCidade` INT NOT NULL,
  `Bairro_idBairro` INT NOT NULL,
  `Logradouro_idLogradouro` INT NOT NULL,
  PRIMARY KEY (`idEndereço`),
  UNIQUE INDEX `idEndereço_UNIQUE` (`idEndereço` ASC) VISIBLE,
  INDEX `fk_Endereço_Cidade1_idx` (`Cidade_idCidade` ASC) VISIBLE,
  INDEX `fk_Endereço_Bairro1_idx` (`Bairro_idBairro` ASC) VISIBLE,
  INDEX `fk_Endereço_Logradouro1_idx` (`Logradouro_idLogradouro` ASC) VISIBLE,
  CONSTRAINT `fk_Endereço_Cidade1`
    FOREIGN KEY (`Cidade_idCidade`)
    REFERENCES `mydb`.`Cidade` (`idCidade`)
    ON DELETE NO ACTION
    ON UPDATE NO ACTION,
  CONSTRAINT `fk_Endereço_Bairro1`
    FOREIGN KEY (`Bairro_idBairro`)
    REFERENCES `mydb`.`Bairro` (`idBairro`)
    ON DELETE NO ACTION
    ON UPDATE NO ACTION,
  CONSTRAINT `fk_Endereço_Logradouro1`
    FOREIGN KEY (`Logradouro_idLogradouro`)
    REFERENCES `mydb`.`Logradouro` (`idLogradouro`)
    ON DELETE NO ACTION
    ON UPDATE NO ACTION)
ENGINE = InnoDB;


-- -----------------------------------------------------
-- Table `mydb`.`Paciente`
-- -----------------------------------------------------
CREATE TABLE IF NOT EXISTS `mydb`.`Paciente` (
  `idPaciente` INT NOT NULL AUTO_INCREMENT,
  `Nome` VARCHAR(45) NOT NULL,
  `Nascimento` DATE NOT NULL,
  `Sexo` VARCHAR(45) NOT NULL,
  `estadoCivil` VARCHAR(45) NOT NULL,
  `docIdentidade` VARCHAR(45) NOT NULL,
  `numeroEndereço` INT NOT NULL,
  `complementoEndereço` VARCHAR(45) NOT NULL,
  `Endereço_idEndereço` INT NOT NULL,
  PRIMARY KEY (`idPaciente`),
  UNIQUE INDEX `idPaciente_UNIQUE` (`idPaciente` ASC) VISIBLE,
  INDEX `fk_Paciente_Endereço1_idx` (`Endereço_idEndereço` ASC) VISIBLE,
  CONSTRAINT `fk_Paciente_Endereço1`
    FOREIGN KEY (`Endereço_idEndereço`)
    REFERENCES `mydb`.`Endereço` (`idEndereço`)
    ON DELETE NO ACTION
    ON UPDATE NO ACTION)
ENGINE = InnoDB;


-- -----------------------------------------------------
-- Table `mydb`.`Medico`
-- -----------------------------------------------------
CREATE TABLE IF NOT EXISTS `mydb`.`Medico` (
  `idMedico` INT NOT NULL AUTO_INCREMENT,
  `nomeMedico` VARCHAR(45) NOT NULL,
  `crmMedico` VARCHAR(45) NOT NULL,
  PRIMARY KEY (`idMedico`),
  UNIQUE INDEX `idMedico_UNIQUE` (`idMedico` ASC) VISIBLE)
ENGINE = InnoDB;


-- -----------------------------------------------------
-- Table `mydb`.`Diagnostico`
-- -----------------------------------------------------
CREATE TABLE IF NOT EXISTS `mydb`.`Diagnostico` (
  `idDiagnostico` INT NOT NULL AUTO_INCREMENT,
  `Diagnostico` VARCHAR(45) NOT NULL,
  PRIMARY KEY (`idDiagnostico`),
  UNIQUE INDEX `idDiagnostico_UNIQUE` (`idDiagnostico` ASC) VISIBLE)
ENGINE = InnoDB;


-- -----------------------------------------------------
-- Table `mydb`.`Consulta`
-- -----------------------------------------------------
CREATE TABLE IF NOT EXISTS `mydb`.`Consulta` (
  `idConsulta` INT NOT NULL,
  `dataConsulta` DATE NOT NULL,
  `obsDiagnostico` VARCHAR(45) NOT NULL,
  `Paciente_idPaciente` INT NOT NULL,
  `Medico_idMedico` INT NOT NULL,
  `Diagnostico_idDiagnostico` INT NOT NULL,
  `nroConsulta` INT NOT NULL AUTO_INCREMENT,
  PRIMARY KEY (`idConsulta`),
  UNIQUE INDEX `idConsulta_UNIQUE` (`idConsulta` ASC) VISIBLE,
  INDEX `fk_Consulta_Paciente1_idx` (`Paciente_idPaciente` ASC) VISIBLE,
  INDEX `fk_Consulta_Medico1_idx` (`Medico_idMedico` ASC) VISIBLE,
  INDEX `fk_Consulta_Diagnostico1_idx` (`Diagnostico_idDiagnostico` ASC) VISIBLE,
  CONSTRAINT `fk_Consulta_Paciente1`
    FOREIGN KEY (`Paciente_idPaciente`)
    REFERENCES `mydb`.`Paciente` (`idPaciente`)
    ON DELETE NO ACTION
    ON UPDATE NO ACTION,
  CONSTRAINT `fk_Consulta_Medico1`
    FOREIGN KEY (`Medico_idMedico`)
    REFERENCES `mydb`.`Medico` (`idMedico`)
    ON DELETE NO ACTION
    ON UPDATE NO ACTION,
  CONSTRAINT `fk_Consulta_Diagnostico1`
    FOREIGN KEY (`Diagnostico_idDiagnostico`)
    REFERENCES `mydb`.`Diagnostico` (`idDiagnostico`)
    ON DELETE NO ACTION
    ON UPDATE NO ACTION)
ENGINE = InnoDB;


-- -----------------------------------------------------
-- Table `mydb`.`TipoExame`
-- -----------------------------------------------------
CREATE TABLE IF NOT EXISTS `mydb`.`TipoExame` (
  `idTipoExame` INT NOT NULL AUTO_INCREMENT,
  `nomeTipoExame` VARCHAR(45) NOT NULL,
  PRIMARY KEY (`idTipoExame`),
  UNIQUE INDEX `idTipoExame_UNIQUE` (`idTipoExame` ASC) VISIBLE)
ENGINE = InnoDB;


-- -----------------------------------------------------
-- Table `mydb`.`Exames`
-- -----------------------------------------------------
CREATE TABLE IF NOT EXISTS `mydb`.`Exames` (
  `idExames` INT NOT NULL,
  `dataExame` DATE NOT NULL,
  `TipoExame_idTipoExame` INT NOT NULL,
  `Consulta_idConsulta` INT NOT NULL,
  `nroExame` INT NOT NULL AUTO_INCREMENT,
  PRIMARY KEY (`idExames`),
  UNIQUE INDEX `idExames_UNIQUE` (`idExames` ASC) VISIBLE,
  INDEX `fk_Exames_TipoExame1_idx` (`TipoExame_idTipoExame` ASC) VISIBLE,
  INDEX `fk_Exames_Consulta1_idx` (`Consulta_idConsulta` ASC) VISIBLE,
  CONSTRAINT `fk_Exames_TipoExame1`
    FOREIGN KEY (`TipoExame_idTipoExame`)
    REFERENCES `mydb`.`TipoExame` (`idTipoExame`)
    ON DELETE NO ACTION
    ON UPDATE NO ACTION,
  CONSTRAINT `fk_Exames_Consulta1`
    FOREIGN KEY (`Consulta_idConsulta`)
    REFERENCES `mydb`.`Consulta` (`idConsulta`)
    ON DELETE NO ACTION
    ON UPDATE NO ACTION)
ENGINE = InnoDB;


-- -----------------------------------------------------
-- Table `mydb`.`DDI`
-- -----------------------------------------------------
CREATE TABLE IF NOT EXISTS `mydb`.`DDI` (
  `numDDI` VARCHAR(45) NOT NULL,
  PRIMARY KEY (`numDDI`),
  UNIQUE INDEX `numDDI_UNIQUE` (`numDDI` ASC) VISIBLE)
ENGINE = InnoDB;


-- -----------------------------------------------------
-- Table `mydb`.`DDD`
-- -----------------------------------------------------
CREATE TABLE IF NOT EXISTS `mydb`.`DDD` (
  `numDDD` VARCHAR(45) NOT NULL,
  `DDI_numDDI` VARCHAR(45) NOT NULL,
  PRIMARY KEY (`numDDD`),
  UNIQUE INDEX `numDDD_UNIQUE` (`numDDD` ASC) VISIBLE,
  INDEX `fk_DDD_DDI1_idx` (`DDI_numDDI` ASC) VISIBLE,
  CONSTRAINT `fk_DDD_DDI1`
    FOREIGN KEY (`DDI_numDDI`)
    REFERENCES `mydb`.`DDI` (`numDDI`)
    ON DELETE NO ACTION
    ON UPDATE NO ACTION)
ENGINE = InnoDB;


-- -----------------------------------------------------
-- Table `mydb`.`Telefone`
-- -----------------------------------------------------
CREATE TABLE IF NOT EXISTS `mydb`.`Telefone` (
  `idTelefone` INT NOT NULL AUTO_INCREMENT,
  `numTelefone` VARCHAR(45) NOT NULL,
  `DDD_numDDD` VARCHAR(45) NOT NULL,
  `Paciente_idPaciente` INT NOT NULL,
  PRIMARY KEY (`idTelefone`),
  UNIQUE INDEX `idTelefone_UNIQUE` (`idTelefone` ASC) VISIBLE,
  INDEX `fk_Telefone_DDD1_idx` (`DDD_numDDD` ASC) VISIBLE,
  INDEX `fk_Telefone_Paciente1_idx` (`Paciente_idPaciente` ASC) VISIBLE,
  CONSTRAINT `fk_Telefone_DDD1`
    FOREIGN KEY (`DDD_numDDD`)
    REFERENCES `mydb`.`DDD` (`numDDD`)
    ON DELETE NO ACTION
    ON UPDATE NO ACTION,
  CONSTRAINT `fk_Telefone_Paciente1`
    FOREIGN KEY (`Paciente_idPaciente`)
    REFERENCES `mydb`.`Paciente` (`idPaciente`)
    ON DELETE NO ACTION
    ON UPDATE NO ACTION)
ENGINE = InnoDB;


-- -----------------------------------------------------
-- Table `mydb`.`E-Mail`
-- -----------------------------------------------------
CREATE TABLE IF NOT EXISTS `mydb`.`E-Mail` (
  `idEmail` INT NOT NULL AUTO_INCREMENT,
  `E-Mail` VARCHAR(45) NOT NULL,
  `Paciente_idPaciente` INT NOT NULL,
  PRIMARY KEY (`idEmail`),
  UNIQUE INDEX `idEmail_UNIQUE` (`idEmail` ASC) VISIBLE,
  INDEX `fk_E-Mail_Paciente1_idx` (`Paciente_idPaciente` ASC) VISIBLE,
  CONSTRAINT `fk_E-Mail_Paciente1`
    FOREIGN KEY (`Paciente_idPaciente`)
    REFERENCES `mydb`.`Paciente` (`idPaciente`)
    ON DELETE NO ACTION
    ON UPDATE NO ACTION)
ENGINE = InnoDB;


SET SQL_MODE=@OLD_SQL_MODE;
SET FOREIGN_KEY_CHECKS=@OLD_FOREIGN_KEY_CHECKS;
SET UNIQUE_CHECKS=@OLD_UNIQUE_CHECKS;

-- -----------------------------------------------------
-- Data for table `mydb`.`Medico`
-- -----------------------------------------------------
START TRANSACTION;
USE `mydb`;
INSERT INTO `mydb`.`Medico` (`idMedico`, `nomeMedico`, `crmMedico`) VALUES (1, 'Gabriel Pereira', '12345678-9/BR');
INSERT INTO `mydb`.`Medico` (`idMedico`, `nomeMedico`, `crmMedico`) VALUES (2, 'Jose Ricardo', '03486296-3/BR');

COMMIT;


-- -----------------------------------------------------
-- Data for table `mydb`.`Diagnostico`
-- -----------------------------------------------------
START TRANSACTION;
USE `mydb`;
INSERT INTO `mydb`.`Diagnostico` (`idDiagnostico`, `Diagnostico`) VALUES (1, 'h1n1');
INSERT INTO `mydb`.`Diagnostico` (`idDiagnostico`, `Diagnostico`) VALUES (2, 'covid-19');
INSERT INTO `mydb`.`Diagnostico` (`idDiagnostico`, `Diagnostico`) VALUES (3, 'dengue');
INSERT INTO `mydb`.`Diagnostico` (`idDiagnostico`, `Diagnostico`) VALUES (4, 'anemia');

COMMIT;


-- -----------------------------------------------------
-- Data for table `mydb`.`Consulta`
-- -----------------------------------------------------
START TRANSACTION;
USE `mydb`;
INSERT INTO `mydb`.`Consulta` (`idConsulta`, `dataConsulta`, `obsDiagnostico`, `Paciente_idPaciente`, `Medico_idMedico`, `Diagnostico_idDiagnostico`, `nroConsulta`) VALUES (1, '2021-03-27', 'suspeita de covid em zona de dengue', 1, 1, 3, 1);
INSERT INTO `mydb`.`Consulta` (`idConsulta`, `dataConsulta`, `obsDiagnostico`, `Paciente_idPaciente`, `Medico_idMedico`, `Diagnostico_idDiagnostico`, `nroConsulta`) VALUES (2, '2021-02-27', '', 2, 2, 2, 1);
INSERT INTO `mydb`.`Consulta` (`idConsulta`, `dataConsulta`, `obsDiagnostico`, `Paciente_idPaciente`, `Medico_idMedico`, `Diagnostico_idDiagnostico`, `nroConsulta`) VALUES (3, '2021-01-30', '', 3, 1, 2, 1);
INSERT INTO `mydb`.`Consulta` (`idConsulta`, `dataConsulta`, `obsDiagnostico`, `Paciente_idPaciente`, `Medico_idMedico`, `Diagnostico_idDiagnostico`, `nroConsulta`) VALUES (4, '2021-02-14', '', 4, 1, 1, 1);
INSERT INTO `mydb`.`Consulta` (`idConsulta`, `dataConsulta`, `obsDiagnostico`, `Paciente_idPaciente`, `Medico_idMedico`, `Diagnostico_idDiagnostico`, `nroConsulta`) VALUES (5, '2021-02-03', '', 5, 2, 2, 1);

COMMIT;


-- -----------------------------------------------------
-- Data for table `mydb`.`TipoExame`
-- -----------------------------------------------------
START TRANSACTION;
USE `mydb`;
INSERT INTO `mydb`.`TipoExame` (`idTipoExame`, `nomeTipoExame`) VALUES (1, 'teste rapido - covid19');
INSERT INTO `mydb`.`TipoExame` (`idTipoExame`, `nomeTipoExame`) VALUES (2, 'teste de sangue - dengue');
INSERT INTO `mydb`.`TipoExame` (`idTipoExame`, `nomeTipoExame`) VALUES (3, 'teste de saliva - h1n1');
INSERT INTO `mydb`.`TipoExame` (`idTipoExame`, `nomeTipoExame`) VALUES (4, 'teste de medula - anemia');

COMMIT;


-- -----------------------------------------------------
-- Data for table `mydb`.`Exames`
-- -----------------------------------------------------
START TRANSACTION;
USE `mydb`;
INSERT INTO `mydb`.`Exames` (`idExames`, `dataExame`, `TipoExame_idTipoExame`, `Consulta_idConsulta`, `nroExame`) VALUES (1, '2021-03-27', 1, 1, 1);
INSERT INTO `mydb`.`Exames` (`idExames`, `dataExame`, `TipoExame_idTipoExame`, `Consulta_idConsulta`, `nroExame`) VALUES (2, '2021-03-27', 2, 1, 2);
INSERT INTO `mydb`.`Exames` (`idExames`, `dataExame`, `TipoExame_idTipoExame`, `Consulta_idConsulta`, `nroExame`) VALUES (3, '2021-02-27', 1, 2, 1);
INSERT INTO `mydb`.`Exames` (`idExames`, `dataExame`, `TipoExame_idTipoExame`, `Consulta_idConsulta`, `nroExame`) VALUES (4, '2021-01-30', 1, 3, 1);
INSERT INTO `mydb`.`Exames` (`idExames`, `dataExame`, `TipoExame_idTipoExame`, `Consulta_idConsulta`, `nroExame`) VALUES (5, '2021-02-14', 3, 4, 1);
INSERT INTO `mydb`.`Exames` (`idExames`, `dataExame`, `TipoExame_idTipoExame`, `Consulta_idConsulta`, `nroExame`) VALUES (6, '2021-02-14', 4, 4, 2);
INSERT INTO `mydb`.`Exames` (`idExames`, `dataExame`, `TipoExame_idTipoExame`, `Consulta_idConsulta`, `nroExame`) VALUES (7, '2021-02-03', 1, 5, 1);

COMMIT;


-- -----------------------------------------------------
-- Data for table `mydb`.`DDI`
-- -----------------------------------------------------
START TRANSACTION;
USE `mydb`;
INSERT INTO `mydb`.`DDI` (`numDDI`) VALUES ('55');

COMMIT;


-- -----------------------------------------------------
-- Data for table `mydb`.`DDD`
-- -----------------------------------------------------
START TRANSACTION;
USE `mydb`;
INSERT INTO `mydb`.`DDD` (`numDDD`, `DDI_numDDI`) VALUES ('45', '55');
INSERT INTO `mydb`.`DDD` (`numDDD`, `DDI_numDDI`) VALUES ('37', '55');

COMMIT;


-- -----------------------------------------------------
-- Data for table `mydb`.`Telefone`
-- -----------------------------------------------------
START TRANSACTION;
USE `mydb`;
INSERT INTO `mydb`.`Telefone` (`idTelefone`, `numTelefone`, `DDD_numDDD`, `Paciente_idPaciente`) VALUES (1, '99998888', '45', 1);
INSERT INTO `mydb`.`Telefone` (`idTelefone`, `numTelefone`, `DDD_numDDD`, `Paciente_idPaciente`) VALUES (2, '98765432', '37', 1);
INSERT INTO `mydb`.`Telefone` (`idTelefone`, `numTelefone`, `DDD_numDDD`, `Paciente_idPaciente`) VALUES (3, '95678485', '45', 2);
INSERT INTO `mydb`.`Telefone` (`idTelefone`, `numTelefone`, `DDD_numDDD`, `Paciente_idPaciente`) VALUES (4, '92347568', '45', 3);
INSERT INTO `mydb`.`Telefone` (`idTelefone`, `numTelefone`, `DDD_numDDD`, `Paciente_idPaciente`) VALUES (5, '90734758', '45', 4);
INSERT INTO `mydb`.`Telefone` (`idTelefone`, `numTelefone`, `DDD_numDDD`, `Paciente_idPaciente`) VALUES (6, '99999999', '37', 5);

COMMIT;


-- -----------------------------------------------------
-- Data for table `mydb`.`E-Mail`
-- -----------------------------------------------------
START TRANSACTION;
USE `mydb`;
INSERT INTO `mydb`.`E-Mail` (`idEmail`, `E-Mail`, `Paciente_idPaciente`) VALUES (1, '', 1);
INSERT INTO `mydb`.`E-Mail` (`idEmail`, `E-Mail`, `Paciente_idPaciente`) VALUES (2, DEFAULT, 1);
INSERT INTO `mydb`.`E-Mail` (`idEmail`, `E-Mail`, `Paciente_idPaciente`) VALUES (3, DEFAULT, 2);
INSERT INTO `mydb`.`E-Mail` (`idEmail`, `E-Mail`, `Paciente_idPaciente`) VALUES (4, DEFAULT, 3);
INSERT INTO `mydb`.`E-Mail` (`idEmail`, `E-Mail`, `Paciente_idPaciente`) VALUES (5, DEFAULT, 3);
INSERT INTO `mydb`.`E-Mail` (`idEmail`, `E-Mail`, `Paciente_idPaciente`) VALUES (6, DEFAULT, 4);
INSERT INTO `mydb`.`E-Mail` (`idEmail`, `E-Mail`, `Paciente_idPaciente`) VALUES (7, DEFAULT, 5);

COMMIT;

