-- MySQL Script generated by MySQL Workbench
-- Sat Mar 27 20:58:23 2021
-- Model: New Model    Version: 1.0
-- MySQL Workbench Forward Engineering

SET @OLD_UNIQUE_CHECKS=@@UNIQUE_CHECKS, UNIQUE_CHECKS=0;
SET @OLD_FOREIGN_KEY_CHECKS=@@FOREIGN_KEY_CHECKS, FOREIGN_KEY_CHECKS=0;
SET @OLD_SQL_MODE=@@SQL_MODE, SQL_MODE='ONLY_FULL_GROUP_BY,STRICT_TRANS_TABLES,NO_ZERO_IN_DATE,NO_ZERO_DATE,ERROR_FOR_DIVISION_BY_ZERO,NO_ENGINE_SUBSTITUTION';

-- -----------------------------------------------------
-- Schema trabbd5
-- -----------------------------------------------------

-- -----------------------------------------------------
-- Schema trabbd5
-- -----------------------------------------------------
CREATE SCHEMA IF NOT EXISTS `trabbd5` DEFAULT CHARACTER SET utf8 ;
USE `trabbd5` ;

-- -----------------------------------------------------
-- Table `trabbd5`.`UnidadeFederaçao`
-- -----------------------------------------------------
CREATE TABLE IF NOT EXISTS `trabbd5`.`UnidadeFederaçao` (
  `siglaUF` VARCHAR(5) NOT NULL,
  `nomeUF` VARCHAR(45) NOT NULL,
  PRIMARY KEY (`siglaUF`),
  UNIQUE INDEX `idUnidadeFederaçao_UNIQUE` (`siglaUF` ASC) VISIBLE)
ENGINE = InnoDB;


-- -----------------------------------------------------
-- Table `trabbd5`.`Cidade`
-- -----------------------------------------------------
CREATE TABLE IF NOT EXISTS `trabbd5`.`Cidade` (
  `idCidade` INT NOT NULL AUTO_INCREMENT,
  `nomeCidade` VARCHAR(45) NOT NULL,
  `UnidadeFederaçao_siglaUF` VARCHAR(5) NOT NULL,
  PRIMARY KEY (`idCidade`),
  UNIQUE INDEX `idCidade_UNIQUE` (`idCidade` ASC) VISIBLE,
  INDEX `fk_Cidade_UnidadeFederaçao1_idx` (`UnidadeFederaçao_siglaUF` ASC) VISIBLE,
  CONSTRAINT `fk_Cidade_UnidadeFederaçao1`
    FOREIGN KEY (`UnidadeFederaçao_siglaUF`)
    REFERENCES `trabbd5`.`UnidadeFederaçao` (`siglaUF`)
    ON DELETE NO ACTION
    ON UPDATE NO ACTION)
ENGINE = InnoDB;


-- -----------------------------------------------------
-- Table `trabbd5`.`Bairro`
-- -----------------------------------------------------
CREATE TABLE IF NOT EXISTS `trabbd5`.`Bairro` (
  `idBairro` INT NOT NULL AUTO_INCREMENT,
  `nomeBairro` VARCHAR(45) NOT NULL,
  PRIMARY KEY (`idBairro`),
  UNIQUE INDEX `idBairro_UNIQUE` (`idBairro` ASC) VISIBLE)
ENGINE = InnoDB;


-- -----------------------------------------------------
-- Table `trabbd5`.`TipoLogradouro`
-- -----------------------------------------------------
CREATE TABLE IF NOT EXISTS `trabbd5`.`TipoLogradouro` (
  `siglaTipoLogradouro` VARCHAR(45) NOT NULL,
  `nomeLogradouro` VARCHAR(45) NOT NULL,
  PRIMARY KEY (`siglaTipoLogradouro`),
  UNIQUE INDEX `siglaTipoLogradouro_UNIQUE` (`siglaTipoLogradouro` ASC) VISIBLE)
ENGINE = InnoDB;


-- -----------------------------------------------------
-- Table `trabbd5`.`Logradouro`
-- -----------------------------------------------------
CREATE TABLE IF NOT EXISTS `trabbd5`.`Logradouro` (
  `idLogradouro` INT NOT NULL AUTO_INCREMENT,
  `nomeLogradouro` VARCHAR(45) NOT NULL,
  `TipoLogradouro_siglaTipoLogradouro` INT NOT NULL,
  PRIMARY KEY (`idLogradouro`),
  UNIQUE INDEX `idLogradouro_UNIQUE` (`idLogradouro` ASC) VISIBLE,
  INDEX `fk_Logradouro_TipoLogradouro1_idx` (`TipoLogradouro_siglaTipoLogradouro` ASC) VISIBLE,
  CONSTRAINT `fk_Logradouro_TipoLogradouro1`
    FOREIGN KEY (`TipoLogradouro_siglaTipoLogradouro`)
    REFERENCES `trabbd5`.`TipoLogradouro` (`siglaTipoLogradouro`)
    ON DELETE NO ACTION
    ON UPDATE NO ACTION)
ENGINE = InnoDB;


-- -----------------------------------------------------
-- Table `trabbd5`.`Endereço`
-- -----------------------------------------------------
CREATE TABLE IF NOT EXISTS `trabbd5`.`Endereço` (
  `idEndereço` INT NOT NULL AUTO_INCREMENT,
  `CEP` VARCHAR(45) NOT NULL,
  `Cidade_idCidade` INT NOT NULL,
  `Bairro_idBairro` INT NOT NULL,
  `Logradouro_idLogradouro` INT NOT NULL,
  PRIMARY KEY (`idEndereço`),
  UNIQUE INDEX `idEndereço_UNIQUE` (`idEndereço` ASC) VISIBLE,
  INDEX `fk_Endereço_Cidade1_idx` (`Cidade_idCidade` ASC) VISIBLE,
  INDEX `fk_Endereço_Bairro1_idx` (`Bairro_idBairro` ASC) VISIBLE,
  INDEX `fk_Endereço_Logradouro1_idx` (`Logradouro_idLogradouro` ASC) VISIBLE,
  CONSTRAINT `fk_Endereço_Cidade1`
    FOREIGN KEY (`Cidade_idCidade`)
    REFERENCES `trabbd5`.`Cidade` (`idCidade`)
    ON DELETE NO ACTION
    ON UPDATE NO ACTION,
  CONSTRAINT `fk_Endereço_Bairro1`
    FOREIGN KEY (`Bairro_idBairro`)
    REFERENCES `trabbd5`.`Bairro` (`idBairro`)
    ON DELETE NO ACTION
    ON UPDATE NO ACTION,
  CONSTRAINT `fk_Endereço_Logradouro1`
    FOREIGN KEY (`Logradouro_idLogradouro`)
    REFERENCES `trabbd5`.`Logradouro` (`idLogradouro`)
    ON DELETE NO ACTION
    ON UPDATE NO ACTION)
ENGINE = InnoDB;


-- -----------------------------------------------------
-- Table `trabbd5`.`Paciente`
-- -----------------------------------------------------
CREATE TABLE IF NOT EXISTS `trabbd5`.`Paciente` (
  `idPaciente` INT NOT NULL AUTO_INCREMENT,
  `Nome` VARCHAR(45) NOT NULL,
  `Nascimento` DATE NOT NULL,
  `Sexo` VARCHAR(45) NOT NULL,
  `estadoCivil` VARCHAR(45) NOT NULL,
  `docIdentidade` VARCHAR(45) NOT NULL,
  `numeroEndereço` INT NOT NULL,
  `complementoEndereço` VARCHAR(45) NULL,
  `Endereço_idEndereço` INT NOT NULL,
  PRIMARY KEY (`idPaciente`),
  UNIQUE INDEX `idPaciente_UNIQUE` (`idPaciente` ASC) VISIBLE,
  INDEX `fk_Paciente_Endereço1_idx` (`Endereço_idEndereço` ASC) VISIBLE,
  CONSTRAINT `fk_Paciente_Endereço1`
    FOREIGN KEY (`Endereço_idEndereço`)
    REFERENCES `trabbd5`.`Endereço` (`idEndereço`)
    ON DELETE NO ACTION
    ON UPDATE NO ACTION)
ENGINE = InnoDB;


-- -----------------------------------------------------
-- Table `trabbd5`.`Medico`
-- -----------------------------------------------------
CREATE TABLE IF NOT EXISTS `trabbd5`.`Medico` (
  `idMedico` INT NOT NULL AUTO_INCREMENT,
  `nomeMedico` VARCHAR(45) NOT NULL,
  `crmMedico` VARCHAR(45) NOT NULL,
  PRIMARY KEY (`idMedico`),
  UNIQUE INDEX `idMedico_UNIQUE` (`idMedico` ASC) VISIBLE)
ENGINE = InnoDB;


-- -----------------------------------------------------
-- Table `trabbd5`.`Diagnostico`
-- -----------------------------------------------------
CREATE TABLE IF NOT EXISTS `trabbd5`.`Diagnostico` (
  `idDiagnostico` INT NOT NULL AUTO_INCREMENT,
  `Diagnostico` VARCHAR(45) NOT NULL,
  PRIMARY KEY (`idDiagnostico`),
  UNIQUE INDEX `idDiagnostico_UNIQUE` (`idDiagnostico` ASC) VISIBLE)
ENGINE = InnoDB;


-- -----------------------------------------------------
-- Table `trabbd5`.`Consulta`
-- -----------------------------------------------------
CREATE TABLE IF NOT EXISTS `trabbd5`.`Consulta` (
  `idConsulta` INT NOT NULL,
  `dataConsulta` DATE NOT NULL,
  `nroConsulta` INT NOT NULL AUTO_INCREMENT,
  `obsDiagnostico` VARCHAR(45) NULL,
  `Paciente_idPaciente` INT NOT NULL,
  `Medico_idMedico` INT NOT NULL,
  `Diagnostico_idDiagnostico` INT NOT NULL,
  PRIMARY KEY (`idConsulta`),
  UNIQUE INDEX `idConsulta_UNIQUE` (`idConsulta` ASC) VISIBLE,
  INDEX `fk_Consulta_Paciente1_idx` (`Paciente_idPaciente` ASC) VISIBLE,
  INDEX `fk_Consulta_Medico1_idx` (`Medico_idMedico` ASC) VISIBLE,
  INDEX `fk_Consulta_Diagnostico1_idx` (`Diagnostico_idDiagnostico` ASC) VISIBLE,
  CONSTRAINT `fk_Consulta_Paciente1`
    FOREIGN KEY (`Paciente_idPaciente`)
    REFERENCES `trabbd5`.`Paciente` (`idPaciente`)
    ON DELETE NO ACTION
    ON UPDATE NO ACTION,
  CONSTRAINT `fk_Consulta_Medico1`
    FOREIGN KEY (`Medico_idMedico`)
    REFERENCES `trabbd5`.`Medico` (`idMedico`)
    ON DELETE NO ACTION
    ON UPDATE NO ACTION,
  CONSTRAINT `fk_Consulta_Diagnostico1`
    FOREIGN KEY (`Diagnostico_idDiagnostico`)
    REFERENCES `trabbd5`.`Diagnostico` (`idDiagnostico`)
    ON DELETE NO ACTION
    ON UPDATE NO ACTION)
ENGINE = InnoDB;


-- -----------------------------------------------------
-- Table `trabbd5`.`TipoExame`
-- -----------------------------------------------------
CREATE TABLE IF NOT EXISTS `trabbd5`.`TipoExame` (
  `idTipoExame` INT NOT NULL AUTO_INCREMENT,
  `nomeTipoExame` VARCHAR(45) NOT NULL,
  PRIMARY KEY (`idTipoExame`),
  UNIQUE INDEX `idTipoExame_UNIQUE` (`idTipoExame` ASC) VISIBLE)
ENGINE = InnoDB;


-- -----------------------------------------------------
-- Table `trabbd5`.`Exames`
-- -----------------------------------------------------
CREATE TABLE IF NOT EXISTS `trabbd5`.`Exames` (
  `idExames` INT NOT NULL,
  `nroExame` INT NOT NULL AUTO_INCREMENT,
  `dataExame` DATE NOT NULL,
  `TipoExame_idTipoExame` INT NOT NULL,
  `Consulta_idConsulta` INT NOT NULL,
  PRIMARY KEY (`idExames`),
  UNIQUE INDEX `idExames_UNIQUE` (`idExames` ASC) VISIBLE,
  INDEX `fk_Exames_TipoExame1_idx` (`TipoExame_idTipoExame` ASC) VISIBLE,
  INDEX `fk_Exames_Consulta1_idx` (`Consulta_idConsulta` ASC) VISIBLE,
  CONSTRAINT `fk_Exames_TipoExame1`
    FOREIGN KEY (`TipoExame_idTipoExame`)
    REFERENCES `trabbd5`.`TipoExame` (`idTipoExame`)
    ON DELETE NO ACTION
    ON UPDATE NO ACTION,
  CONSTRAINT `fk_Exames_Consulta1`
    FOREIGN KEY (`Consulta_idConsulta`)
    REFERENCES `trabbd5`.`Consulta` (`idConsulta`)
    ON DELETE NO ACTION
    ON UPDATE NO ACTION)
ENGINE = InnoDB;


-- -----------------------------------------------------
-- Table `trabbd5`.`DDI`
-- -----------------------------------------------------
CREATE TABLE IF NOT EXISTS `trabbd5`.`DDI` (
  `numDDI` VARCHAR(45) NOT NULL,
  PRIMARY KEY (`numDDI`),
  UNIQUE INDEX `numDDI_UNIQUE` (`numDDI` ASC) VISIBLE)
ENGINE = InnoDB;


-- -----------------------------------------------------
-- Table `trabbd5`.`DDD`
-- -----------------------------------------------------
CREATE TABLE IF NOT EXISTS `trabbd5`.`DDD` (
  `numDDD` VARCHAR(45) NOT NULL,
  `DDI_numDDI` VARCHAR(45) NOT NULL,
  PRIMARY KEY (`numDDD`),
  UNIQUE INDEX `numDDD_UNIQUE` (`numDDD` ASC) VISIBLE,
  INDEX `fk_DDD_DDI1_idx` (`DDI_numDDI` ASC) VISIBLE,
  CONSTRAINT `fk_DDD_DDI1`
    FOREIGN KEY (`DDI_numDDI`)
    REFERENCES `trabbd5`.`DDI` (`numDDI`)
    ON DELETE NO ACTION
    ON UPDATE NO ACTION)
ENGINE = InnoDB;


-- -----------------------------------------------------
-- Table `trabbd5`.`Telefone`
-- -----------------------------------------------------
CREATE TABLE IF NOT EXISTS `trabbd5`.`Telefone` (
  `idTelefone` INT NOT NULL AUTO_INCREMENT,
  `numTelefone` VARCHAR(45) NOT NULL,
  `DDD_numDDD` VARCHAR(45) NOT NULL,
  `Paciente_idPaciente` INT NOT NULL,
  PRIMARY KEY (`idTelefone`),
  UNIQUE INDEX `idTelefone_UNIQUE` (`idTelefone` ASC) VISIBLE,
  INDEX `fk_Telefone_DDD1_idx` (`DDD_numDDD` ASC) VISIBLE,
  INDEX `fk_Telefone_Paciente1_idx` (`Paciente_idPaciente` ASC) VISIBLE,
  CONSTRAINT `fk_Telefone_DDD1`
    FOREIGN KEY (`DDD_numDDD`)
    REFERENCES `trabbd5`.`DDD` (`numDDD`)
    ON DELETE NO ACTION
    ON UPDATE NO ACTION,
  CONSTRAINT `fk_Telefone_Paciente1`
    FOREIGN KEY (`Paciente_idPaciente`)
    REFERENCES `trabbd5`.`Paciente` (`idPaciente`)
    ON DELETE NO ACTION
    ON UPDATE NO ACTION)
ENGINE = InnoDB;


-- -----------------------------------------------------
-- Table `trabbd5`.`E-Mail`
-- -----------------------------------------------------
CREATE TABLE IF NOT EXISTS `trabbd5`.`E-Mail` (
  `idEmail` INT NOT NULL AUTO_INCREMENT,
  `E-Mail` VARCHAR(45) NOT NULL,
  `Paciente_idPaciente` INT NOT NULL,
  PRIMARY KEY (`idEmail`),
  UNIQUE INDEX `idEmail_UNIQUE` (`idEmail` ASC) VISIBLE,
  INDEX `fk_E-Mail_Paciente1_idx` (`Paciente_idPaciente` ASC) VISIBLE,
  CONSTRAINT `fk_E-Mail_Paciente1`
    FOREIGN KEY (`Paciente_idPaciente`)
    REFERENCES `trabbd5`.`Paciente` (`idPaciente`)
    ON DELETE NO ACTION
    ON UPDATE NO ACTION)
ENGINE = InnoDB;


SET SQL_MODE=@OLD_SQL_MODE;
SET FOREIGN_KEY_CHECKS=@OLD_FOREIGN_KEY_CHECKS;
SET UNIQUE_CHECKS=@OLD_UNIQUE_CHECKS;

-- -----------------------------------------------------
-- Data for table `trabbd5`.`UnidadeFederaçao`
-- -----------------------------------------------------
START TRANSACTION;
USE `trabbd5`;
INSERT INTO `trabbd5`.`UnidadeFederaçao` (`siglaUF`, `nomeUF`) VALUES ('PR', 'Paraná');
INSERT INTO `trabbd5`.`UnidadeFederaçao` (`siglaUF`, `nomeUF`) VALUES ('RS', 'Rio Grande do Sul');

COMMIT;


-- -----------------------------------------------------
-- Data for table `trabbd5`.`Cidade`
-- -----------------------------------------------------
START TRANSACTION;
USE `trabbd5`;
INSERT INTO `trabbd5`.`Cidade` (`idCidade`, `nomeCidade`, `UnidadeFederaçao_siglaUF`) VALUES (1, 'Foz do Iguaçu', 'PR');
INSERT INTO `trabbd5`.`Cidade` (`idCidade`, `nomeCidade`, `UnidadeFederaçao_siglaUF`) VALUES (2, 'Cascavel', 'PR');
INSERT INTO `trabbd5`.`Cidade` (`idCidade`, `nomeCidade`, `UnidadeFederaçao_siglaUF`) VALUES (3, 'Curitiba', 'PR');
INSERT INTO `trabbd5`.`Cidade` (`idCidade`, `nomeCidade`, `UnidadeFederaçao_siglaUF`) VALUES (4, 'Porto Alegre', 'RS');
INSERT INTO `trabbd5`.`Cidade` (`idCidade`, `nomeCidade`, `UnidadeFederaçao_siglaUF`) VALUES (5, 'Santa Maria', 'RS');

COMMIT;


-- -----------------------------------------------------
-- Data for table `trabbd5`.`Bairro`
-- -----------------------------------------------------
START TRANSACTION;
USE `trabbd5`;
INSERT INTO `trabbd5`.`Bairro` (`idBairro`, `nomeBairro`) VALUES (1, 'Vila Itajubá');
INSERT INTO `trabbd5`.`Bairro` (`idBairro`, `nomeBairro`) VALUES (2, 'Centro');
INSERT INTO `trabbd5`.`Bairro` (`idBairro`, `nomeBairro`) VALUES (3, 'Vila A');
INSERT INTO `trabbd5`.`Bairro` (`idBairro`, `nomeBairro`) VALUES (4, 'Jardim São Paulo');
INSERT INTO `trabbd5`.`Bairro` (`idBairro`, `nomeBairro`) VALUES (5, 'Vila B');

COMMIT;


-- -----------------------------------------------------
-- Data for table `trabbd5`.`TipoLogradouro`
-- -----------------------------------------------------
START TRANSACTION;
USE `trabbd5`;
INSERT INTO `trabbd5`.`TipoLogradouro` (`siglaTipoLogradouro`, `nomeLogradouro`) VALUES ('Av', 'Avenida');
INSERT INTO `trabbd5`.`TipoLogradouro` (`siglaTipoLogradouro`, `nomeLogradouro`) VALUES ('R', 'Rua');

COMMIT;


-- -----------------------------------------------------
-- Data for table `trabbd5`.`Logradouro`
-- -----------------------------------------------------
START TRANSACTION;
USE `trabbd5`;
INSERT INTO `trabbd5`.`Logradouro` (`idLogradouro`, `nomeLogradouro`, `TipoLogradouro_siglaTipoLogradouro`) VALUES (1, 'Brasil', Av);
INSERT INTO `trabbd5`.`Logradouro` (`idLogradouro`, `nomeLogradouro`, `TipoLogradouro_siglaTipoLogradouro`) VALUES (2, 'Presidente Vargas', Av);
INSERT INTO `trabbd5`.`Logradouro` (`idLogradouro`, `nomeLogradouro`, `TipoLogradouro_siglaTipoLogradouro`) VALUES (3, 'Gilberto Rolon', R);
INSERT INTO `trabbd5`.`Logradouro` (`idLogradouro`, `nomeLogradouro`, `TipoLogradouro_siglaTipoLogradouro`) VALUES (4, 'JK', Av);
INSERT INTO `trabbd5`.`Logradouro` (`idLogradouro`, `nomeLogradouro`, `TipoLogradouro_siglaTipoLogradouro`) VALUES (5, 'Cacique', R);

COMMIT;


-- -----------------------------------------------------
-- Data for table `trabbd5`.`Endereço`
-- -----------------------------------------------------
START TRANSACTION;
USE `trabbd5`;
INSERT INTO `trabbd5`.`Endereço` (`idEndereço`, `CEP`, `Cidade_idCidade`, `Bairro_idBairro`, `Logradouro_idLogradouro`) VALUES (1, '85852-180', 1, 1, 3);
INSERT INTO `trabbd5`.`Endereço` (`idEndereço`, `CEP`, `Cidade_idCidade`, `Bairro_idBairro`, `Logradouro_idLogradouro`) VALUES (2, '52035-204', 1, 3, 5);
INSERT INTO `trabbd5`.`Endereço` (`idEndereço`, `CEP`, `Cidade_idCidade`, `Bairro_idBairro`, `Logradouro_idLogradouro`) VALUES (3, '65785-312', 5, 2, 2);
INSERT INTO `trabbd5`.`Endereço` (`idEndereço`, `CEP`, `Cidade_idCidade`, `Bairro_idBairro`, `Logradouro_idLogradouro`) VALUES (4, '25432-415', 2, 2, 4);
INSERT INTO `trabbd5`.`Endereço` (`idEndereço`, `CEP`, `Cidade_idCidade`, `Bairro_idBairro`, `Logradouro_idLogradouro`) VALUES (5, '74125-658', 4, 4, 1);

COMMIT;


-- -----------------------------------------------------
-- Data for table `trabbd5`.`Paciente`
-- -----------------------------------------------------
START TRANSACTION;
USE `trabbd5`;
INSERT INTO `trabbd5`.`Paciente` (`idPaciente`, `Nome`, `Nascimento`, `Sexo`, `estadoCivil`, `docIdentidade`, `numeroEndereço`, `complementoEndereço`, `Endereço_idEndereço`) VALUES (1, 'Leonardo Benitez de Freitas', '27/10/1999', 'M', 'Solteiro(a)', '102.440.309-28', 137, NULL, 1);
INSERT INTO `trabbd5`.`Paciente` (`idPaciente`, `Nome`, `Nascimento`, `Sexo`, `estadoCivil`, `docIdentidade`, `numeroEndereço`, `complementoEndereço`, `Endereço_idEndereço`) VALUES (2, 'Bruno de Castro Brezolin', '27/06/1998', 'M', 'Casado(a)', '325.781.964-56', 1532, 'Apartamento 304', 2);
INSERT INTO `trabbd5`.`Paciente` (`idPaciente`, `Nome`, `Nascimento`, `Sexo`, `estadoCivil`, `docIdentidade`, `numeroEndereço`, `complementoEndereço`, `Endereço_idEndereço`) VALUES (3, 'Eduardo Pereira', '12/03/1993', 'M', 'Solteiro(a)', '201.354.846-14', 215, NULL, 4);
INSERT INTO `trabbd5`.`Paciente` (`idPaciente`, `Nome`, `Nascimento`, `Sexo`, `estadoCivil`, `docIdentidade`, `numeroEndereço`, `complementoEndereço`, `Endereço_idEndereço`) VALUES (4, 'Melissa Santos', '13/08/1995', 'F', 'Casado(a)', '745.369.147-72', 378, 'Apartamento 102', 3);
INSERT INTO `trabbd5`.`Paciente` (`idPaciente`, `Nome`, `Nascimento`, `Sexo`, `estadoCivil`, `docIdentidade`, `numeroEndereço`, `complementoEndereço`, `Endereço_idEndereço`) VALUES (5, 'Maria Zunilda Benitez', '09/05/1970', 'F', 'Casado(a)', '804.584.409-49', 137, NULL, 1);

COMMIT;

